{"userid":"1654895","username":"郭德纲","school":"电子与信息工程学院","major":"计算机"}
{"userid":"1651565","username":"于谦","school":"电子与信息工程学院","major":"计算机"}
{"userid":"1654652","username":"李菁","school":"电子与信息工程学院","major":"自动化"}
{"userid":"1335756","username":"王文林","school":"软件学院","major":"做外挂"}
{"userid":"1345750","username":"李文山","school":"软件学院","major":"做外挂"}
{"userid":"1305756","username":"张文顺","school":"软件学院","major":"做主播"}
{"userid":"1340056","username":"邢文昭","school":"软件学院","major":"做外挂"}
{"userid":"1653451","username":"岳云鹏","school":"电子与信息工程学院","major":"通信"}
{"userid":"1651235","username":"孙越","school":"电子与信息工程学院","major":"通信"}
{"userid":"1650095","username":"张云雷","school":"汽车学院","major":"发动机"}
{"userid":"1654075","username":"杨九郎","school":"汽车学院","major":"车门"}
{"userid":"1654897","username":"郭麒麟","school":"汽车学院","major":"车轱辘"}
{"userid":"1654095","username":"阎鹤祥","school":"汽车学院","major":"车皮"}
{"userid":"1654160","username":"李鹤东","school":"海洋学院","major":"抓鲸鱼"}
{"userid":"1654485","username":"谢金","school":"海洋学院","major":"抓章鱼"}
{"userid":"1054485","username":"高峰","school":"海洋学院","major":"抓海马"}
{"userid":"1654785","username":"栾云平","school":"海洋学院","major":"抓克苏恩"}
{"userid":"1156451","username":"孔云龙","school":"建筑与城市规划学院","major":"公共厕所设计"}
{"userid":"1251235","username":"张鹤伦","school":"建筑与城市规划学院","major":"红灯区设计"}
{"userid":"1654875","username":"郎鹤炎","school":"建筑与城市规划学院","major":"绿灯区设计"}
{"userid":"1345756","username":"烧云饼","school":"建筑与城市规划学院","major":"黄灯区设计"}
{"userid":"1545756","username":"曹鹤阳","school":"建筑与城市规划学院","major":"红灯区设计"}
{"userid":"1645756","username":"孟鹤堂","school":"建筑与城市规划学院","major":"绿灯区设计"}
{"userid":"1745756","username":"周九良","school":"建筑与城市规划学院","major":"黄灯区设计"}
{"userid":"1845756","username":"张九龄","school":"医学院","major":"拔牙"}
{"userid":"1355756","username":"王九龙","school":"医学院","major":"拔头"}
{"userid":"1365756","username":"孟美岐","school":"医学院","major":"拔头发"}
{"userid":"1385756","username":"吴宣仪","school":"医学院","major":"拔头发"}
{"userid":"1395756","username":"杨超越","school":"医学院","major":"拔手"}
{"userid":"1340756","username":"段奥娟","school":"经济管理学院","major":"卖菜"}
{"userid":"1345956","username":"yamy","school":"经济管理学院","major":"卖书"}
{"userid":"1545957","username":"紫宁","school":"经济管理学院","major":"卖票"}
{"userid":"1645958","username":"sunnee","school":"经济管理学院","major":"卖火锅"}
{"userid":"1045958","username":"李紫婷","school":"经济管理学院","major":"卖火锅底料"}
{"userid":"1645058","username":"傅菁","school":"经济管理学院","major":"卖ipad壳"}
{"userid":"1645158","username":"徐梦婷","school":"经济管理学院","major":"卖ipad充电线"}
{"userid":"1754026","username":"李沿澎","school":"电子与信息工程学院","major":"格子衫制作"}

