{"taskid":"1001","Giverid":"1654895","Reciverid":"1345756","category":"2","briefInf":"嘉定到虹桥拼车","detailsInf":"asdda","dateInf":"2019-10-01","teammate":1.0,"checkboxItems":[{"name":"禁止发布在广场中（仅发起者和被转发者可见）","value":"0","checked":true},{"checked":true,"name":"指定标签可见","value":"1"},{"value":"2","checked":false,"name":"要求候选人填写说明"}]}
{"taskid":"1002","Giverid":"1651565","Reciverid":"1545756","category":"2","briefInf":"嘉定到南京拼车","detailsInf":"asdda","dateInf":"2019-10-01","teammate":1.0,"checkboxItems":[{"name":"禁止发布在广场中（仅发起者和被转发者可见）","value":"0","checked":true},{"checked":true,"name":"指定标签可见","value":"1"},{"value":"2","checked":false,"name":"要求候选人填写说明"}]}
{"taskid":"1003","Giverid":"1654652","Reciverid":"1645756","category":"2","briefInf":"嘉定到洛阳拼车","detailsInf":"asdda","dateInf":"2019-10-01","teammate":1.0,"checkboxItems":[{"name":"禁止发布在广场中（仅发起者和被转发者可见）","value":"0","checked":true},{"checked":true,"name":"指定标签可见","value":"1"},{"value":"2","checked":false,"name":"要求候选人填写说明"}}
{"taskid":"1004","Giverid":"1653451","Reciverid":"1745756","category":"2","briefInf":"嘉定到澳大利亚拼车","detailsInf":"asdda","dateInf":"2019-10-01","teammate":1.0,"checkboxItems":[{"name":"禁止发布在广场中（仅发起者和被转发者可见）","value":"0","checked":true},{"checked":true,"name":"指定标签可见","value":"1"},{"value":"2","checked":false,"name":"要求候选人填写说明"}}
{"taskid":"1005","Giverid":"1651235","Reciverid":"1845756","category":"2","briefInf":"嘉定到南极站拼车","detailsInf":"asdda","dateInf":"2019-10-01","teammate":1.0,"checkboxItems":[{"name":"禁止发布在广场中（仅发起者和被转发者可见）","value":"0","checked":true},{"checked":true,"name":"指定标签可见","value":"1"},{"value":"2","checked":false,"name":"要求候选人填写说明"}}
{"taskid":"1006","Giverid":"1650095","Reciverid":"1355756","category":"2","briefInf":"嘉定到火星拼车","detailsInf":"asdda","dateInf":"2019-10-01","teammate":1.0,"checkboxItems":[{"name":"禁止发布在广场中（仅发起者和被转发者可见）","value":"0","checked":true},{"checked":true,"name":"指定标签可见","value":"1"},{"value":"2","checked":false,"name":"要求候选人填写说明"}}
{"taskid":"1007","Giverid":"1654075","Reciverid":"1365756","category":"2","briefInf":"嘉定到M78拼车","detailsInf":"asdda","dateInf":"2019-10-01","teammate":1.0,"checkboxItems":[{"name":"禁止发布在广场中（仅发起者和被转发者可见）","value":"0","checked":true},{"checked":true,"name":"指定标签可见","value":"1"},{"value":"2","checked":false,"name":"要求候选人填写说明"}}
{"taskid":"1008","Giverid":"1654897","Reciverid":"1385756","category":"0","briefInf":"数学建模","detailsInf":"asdda","dateInf":"2019-10-01","teammate":1.0,"checkboxItems":[{"name":"禁止发布在广场中（仅发起者和被转发者可见）","value":"0","checked":true},{"checked":true,"name":"指定标签可见","value":"1"},{"value":"2","checked":false,"name":"要求候选人填写说明"}}
{"taskid":"1009","Giverid":"1654095","Reciverid":"1395756","category":"0","briefInf":"英语建模","detailsInf":"asdda","dateInf":"2019-10-01","teammate":1.0,"checkboxItems":[{"name":"禁止发布在广场中（仅发起者和被转发者可见）","value":"0","checked":true},{"checked":true,"name":"指定标签可见","value":"1"},{"value":"2","checked":false,"name":"要求候选人填写说明"}}
{"taskid":"1010","Giverid":"1654160","Reciverid":"1340756","category":"0","briefInf":"语文建模","detailsInf":"asdda","dateInf":"2019-10-01","teammate":1.0,"checkboxItems":[{"name":"禁止发布在广场中（仅发起者和被转发者可见）","value":"0","checked":true},{"checked":true,"name":"指定标签可见","value":"1"},{"value":"2","checked":false,"name":"要求候选人填写说明"}}
{"taskid":"1011","Giverid":"1654485","Reciverid":"1345956","category":"0","briefInf":"化学建模","detailsInf":"asdda","dateInf":"2019-10-01","teammate":1.0,"checkboxItems":[{"name":"禁止发布在广场中（仅发起者和被转发者可见）","value":"0","checked":true},{"checked":true,"name":"指定标签可见","value":"1"},{"value":"2","checked":false,"name":"要求候选人填写说明"}}
{"taskid":"1011","Giverid":"1654485","Reciverid":"1545957","category":"0","briefInf":"生物建模","detailsInf":"asdda","dateInf":"2019-10-01","teammate":1.0,"checkboxItems":[{"name":"禁止发布在广场中（仅发起者和被转发者可见）","value":"0","checked":true},{"checked":true,"name":"指定标签可见","value":"1"},{"value":"2","checked":false,"name":"要求候选人填写说明"}}
{"taskid":"1011","Giverid":"1654485","Reciverid":"1645958","category":"0","briefInf":"政治建模","detailsInf":"asdda","dateInf":"2019-10-01","teammate":1.0,"checkboxItems":[{"name":"禁止发布在广场中（仅发起者和被转发者可见）","value":"0","checked":true},{"checked":true,"name":"指定标签可见","value":"1"},{"value":"2","checked":false,"name":"要求候选人填写说明"}}
{"taskid":"1012","Giverid":"1054485","Reciverid":"1045958","category":"0","briefInf":"历史建模","detailsInf":"asdda","dateInf":"2019-10-01","teammate":1.0,"checkboxItems":[{"name":"禁止发布在广场中（仅发起者和被转发者可见）","value":"0","checked":true},{"checked":true,"name":"指定标签可见","value":"1"},{"value":"2","checked":false,"name":"要求候选人填写说明"}}
{"taskid":"1013","Giverid":"1654785","Reciverid":"1645058","category":"1","briefInf":"国创项目","detailsInf":"asdda","dateInf":"2019-10-01","teammate":1.0,"checkboxItems":[{"name":"禁止发布在广场中（仅发起者和被转发者可见）","value":"0","checked":true},{"checked":true,"name":"指定标签可见","value":"1"},{"value":"2","checked":false,"name":"要求候选人填写说明"}}
{"taskid":"1013","Giverid":"1654785","Reciverid":"1645158","category":"1","briefInf":"上创项目","detailsInf":"asdda","dateInf":"2019-10-01","teammate":1.0,"checkboxItems":[{"name":"禁止发布在广场中（仅发起者和被转发者可见）","value":"0","checked":true},{"checked":true,"name":"指定标签可见","value":"1"},{"value":"2","checked":false,"name":"要求候选人填写说明"}}
{"taskid":"1014","Giverid":"1156451","Reciverid":"1045958","category":"1","briefInf":"洲创项目","detailsInf":"asdda","dateInf":"2019-10-01","teammate":1.0,"checkboxItems":[{"name":"禁止发布在广场中（仅发起者和被转发者可见）","value":"0","checked":true},{"checked":true,"name":"指定标签可见","value":"1"},{"value":"2","checked":false,"name":"要求候选人填写说明"}}
{"taskid":"1015","Giverid":"1251235","Reciverid":"1045958","category":"1","briefInf":"地球创项目","detailsInf":"asdda","dateInf":"2019-10-01","teammate":1.0,"checkboxItems":[{"name":"禁止发布在广场中（仅发起者和被转发者可见）","value":"0","checked":true},{"checked":true,"name":"指定标签可见","value":"1"},{"value":"2","checked":false,"name":"要求候选人填写说明"}}
{"taskid":"1016","Giverid":"1654895","Reciverid":"1355756","category":"1","briefInf":"太阳系创项目","detailsInf":"asdda","dateInf":"2019-10-01","teammate":1.0,"checkboxItems":[{"name":"禁止发布在广场中（仅发起者和被转发者可见）","value":"0","checked":true},{"checked":true,"name":"指定标签可见","value":"1"},{"value":"2","checked":false,"name":"要求候选人填写说明"}}
{"taskid":"1017","Giverid":"1654875","Reciverid":"1335756","category":"3","briefInf":"狼人杀","detailsInf":"asdda","dateInf":"2019-10-01","teammate":1.0,"checkboxItems":[{"name":"禁止发布在广场中（仅发起者和被转发者可见）","value":"0","checked":true},{"checked":true,"name":"指定标签可见","value":"1"},{"value":"2","checked":false,"name":"要求候选人填写说明"}}
{"taskid":"1018","Giverid":"1654875","Reciverid":"1345750","category":"3","briefInf":"狼人杀","detailsInf":"asdda","dateInf":"2019-10-01","teammate":1.0,"checkboxItems":[{"name":"禁止发布在广场中（仅发起者和被转发者可见）","value":"0","checked":true},{"checked":true,"name":"指定标签可见","value":"1"},{"value":"2","checked":false,"name":"要求候选人填写说明"}}
{"taskid":"1019","Giverid":"1754026","Reciverid":"1754027","category":"3","briefInf":"约洗澡","detailsInf":"asdda","dateInf":"2019-10-01","teammate":1.0,"checkboxItems":[{"name":"禁止发布在广场中（仅发起者和被转发者可见）","value":"0","checked":true},{"checked":true,"name":"指定标签可见","value":"1"},{"value":"2","checked":false,"name":"要求候选人填写说明"}}
{"taskid":"1020","Giverid":"1754026","Reciverid":"1754027","category":"3","briefInf":"约搓脚","detailsInf":"sadasd","dateInf":"2019-12-01","teammate":20.0,"checkboxItems":[{"name":"禁止发布在广场中（仅发起者和被转发者可见）","value":"0","checked":true},{"checked":true,"name":"指定标签可见","value":"1"},{"value":"2","checked":false,"name":"要求候选人填写说明"}}
